<?xml version="1.0" encoding="UTF-8"?>
<root>
  <item name="com.urbanairship.actions.ActionArguments ActionArguments(int, com.urbanairship.actions.ActionValue, android.os.Bundle) 0">
    <annotation name="android.support.annotation.IntDef">
      <val name="value" val="{com.urbanairship.actions.Action.SITUATION_MANUAL_INVOCATION, com.urbanairship.actions.Action.SITUATION_PUSH_RECEIVED, com.urbanairship.actions.Action.SITUATION_PUSH_OPENED, com.urbanairship.actions.Action.SITUATION_WEB_VIEW_INVOCATION, com.urbanairship.actions.Action.SITUATION_FOREGROUND_NOTIFICATION_ACTION_BUTTON, com.urbanairship.actions.Action.SITUATION_BACKGROUND_NOTIFICATION_ACTION_BUTTON}" />
    </annotation>
  </item>
  <item name="com.urbanairship.actions.ActionArguments int getSituation()">
    <annotation name="android.support.annotation.IntDef">
      <val name="value" val="{com.urbanairship.actions.Action.SITUATION_MANUAL_INVOCATION, com.urbanairship.actions.Action.SITUATION_PUSH_RECEIVED, com.urbanairship.actions.Action.SITUATION_PUSH_OPENED, com.urbanairship.actions.Action.SITUATION_WEB_VIEW_INVOCATION, com.urbanairship.actions.Action.SITUATION_FOREGROUND_NOTIFICATION_ACTION_BUTTON, com.urbanairship.actions.Action.SITUATION_BACKGROUND_NOTIFICATION_ACTION_BUTTON}" />
    </annotation>
  </item>
  <item name="com.urbanairship.actions.ActionArguments situation">
    <annotation name="android.support.annotation.IntDef">
      <val name="value" val="{com.urbanairship.actions.Action.SITUATION_MANUAL_INVOCATION, com.urbanairship.actions.Action.SITUATION_PUSH_RECEIVED, com.urbanairship.actions.Action.SITUATION_PUSH_OPENED, com.urbanairship.actions.Action.SITUATION_WEB_VIEW_INVOCATION, com.urbanairship.actions.Action.SITUATION_FOREGROUND_NOTIFICATION_ACTION_BUTTON, com.urbanairship.actions.Action.SITUATION_BACKGROUND_NOTIFICATION_ACTION_BUTTON}" />
    </annotation>
  </item>
  <item name="com.urbanairship.actions.ActionRegistry.Entry com.urbanairship.actions.Action getActionForSituation(int) 0">
    <annotation name="android.support.annotation.IntDef">
      <val name="value" val="{com.urbanairship.actions.Action.SITUATION_MANUAL_INVOCATION, com.urbanairship.actions.Action.SITUATION_PUSH_RECEIVED, com.urbanairship.actions.Action.SITUATION_PUSH_OPENED, com.urbanairship.actions.Action.SITUATION_WEB_VIEW_INVOCATION, com.urbanairship.actions.Action.SITUATION_FOREGROUND_NOTIFICATION_ACTION_BUTTON, com.urbanairship.actions.Action.SITUATION_BACKGROUND_NOTIFICATION_ACTION_BUTTON}" />
    </annotation>
  </item>
  <item name="com.urbanairship.actions.ActionRegistry.Entry void addSituationOverride(com.urbanairship.actions.Action, int) 1">
    <annotation name="android.support.annotation.IntDef">
      <val name="value" val="{com.urbanairship.actions.Action.SITUATION_MANUAL_INVOCATION, com.urbanairship.actions.Action.SITUATION_PUSH_RECEIVED, com.urbanairship.actions.Action.SITUATION_PUSH_OPENED, com.urbanairship.actions.Action.SITUATION_WEB_VIEW_INVOCATION, com.urbanairship.actions.Action.SITUATION_FOREGROUND_NOTIFICATION_ACTION_BUTTON, com.urbanairship.actions.Action.SITUATION_BACKGROUND_NOTIFICATION_ACTION_BUTTON}" />
    </annotation>
  </item>
  <item name="com.urbanairship.actions.ActionResult ActionResult(com.urbanairship.actions.ActionValue, java.lang.Exception, int) 2">
    <annotation name="android.support.annotation.IntDef">
      <val name="value" val="{com.urbanairship.actions.ActionResult.STATUS_COMPLETED, com.urbanairship.actions.ActionResult.STATUS_REJECTED_ARGUMENTS, com.urbanairship.actions.ActionResult.STATUS_ACTION_NOT_FOUND, com.urbanairship.actions.ActionResult.STATUS_EXECUTION_ERROR}" />
    </annotation>
  </item>
  <item name="com.urbanairship.actions.ActionResult com.urbanairship.actions.ActionResult newEmptyResultWithStatus(int) 0">
    <annotation name="android.support.annotation.IntDef">
      <val name="value" val="{com.urbanairship.actions.ActionResult.STATUS_COMPLETED, com.urbanairship.actions.ActionResult.STATUS_REJECTED_ARGUMENTS, com.urbanairship.actions.ActionResult.STATUS_ACTION_NOT_FOUND, com.urbanairship.actions.ActionResult.STATUS_EXECUTION_ERROR}" />
    </annotation>
  </item>
  <item name="com.urbanairship.actions.ActionResult int getStatus()">
    <annotation name="android.support.annotation.IntDef">
      <val name="value" val="{com.urbanairship.actions.ActionResult.STATUS_COMPLETED, com.urbanairship.actions.ActionResult.STATUS_REJECTED_ARGUMENTS, com.urbanairship.actions.ActionResult.STATUS_ACTION_NOT_FOUND, com.urbanairship.actions.ActionResult.STATUS_EXECUTION_ERROR}" />
    </annotation>
  </item>
  <item name="com.urbanairship.actions.ActionResult status">
    <annotation name="android.support.annotation.IntDef">
      <val name="value" val="{com.urbanairship.actions.ActionResult.STATUS_COMPLETED, com.urbanairship.actions.ActionResult.STATUS_REJECTED_ARGUMENTS, com.urbanairship.actions.ActionResult.STATUS_ACTION_NOT_FOUND, com.urbanairship.actions.ActionResult.STATUS_EXECUTION_ERROR}" />
    </annotation>
  </item>
  <item name="com.urbanairship.actions.ActionRunRequest com.urbanairship.actions.ActionRunRequest setSituation(int) 0">
    <annotation name="android.support.annotation.IntDef">
      <val name="value" val="{com.urbanairship.actions.Action.SITUATION_MANUAL_INVOCATION, com.urbanairship.actions.Action.SITUATION_PUSH_RECEIVED, com.urbanairship.actions.Action.SITUATION_PUSH_OPENED, com.urbanairship.actions.Action.SITUATION_WEB_VIEW_INVOCATION, com.urbanairship.actions.Action.SITUATION_FOREGROUND_NOTIFICATION_ACTION_BUTTON, com.urbanairship.actions.Action.SITUATION_BACKGROUND_NOTIFICATION_ACTION_BUTTON}" />
    </annotation>
  </item>
  <item name="com.urbanairship.actions.ActionRunRequest situation">
    <annotation name="android.support.annotation.IntDef">
      <val name="value" val="{com.urbanairship.actions.Action.SITUATION_MANUAL_INVOCATION, com.urbanairship.actions.Action.SITUATION_PUSH_RECEIVED, com.urbanairship.actions.Action.SITUATION_PUSH_OPENED, com.urbanairship.actions.Action.SITUATION_WEB_VIEW_INVOCATION, com.urbanairship.actions.Action.SITUATION_FOREGROUND_NOTIFICATION_ACTION_BUTTON, com.urbanairship.actions.Action.SITUATION_BACKGROUND_NOTIFICATION_ACTION_BUTTON}" />
    </annotation>
  </item>
  <item name="com.urbanairship.actions.ActionService void runActions(android.content.Context, java.lang.String, int, android.os.Bundle) 2">
    <annotation name="android.support.annotation.IntDef">
      <val name="value" val="{com.urbanairship.actions.Action.SITUATION_MANUAL_INVOCATION, com.urbanairship.actions.Action.SITUATION_PUSH_RECEIVED, com.urbanairship.actions.Action.SITUATION_PUSH_OPENED, com.urbanairship.actions.Action.SITUATION_WEB_VIEW_INVOCATION, com.urbanairship.actions.Action.SITUATION_FOREGROUND_NOTIFICATION_ACTION_BUTTON, com.urbanairship.actions.Action.SITUATION_BACKGROUND_NOTIFICATION_ACTION_BUTTON}" />
    </annotation>
  </item>
  <item name="com.urbanairship.actions.ActionService void runActions(android.content.Context, java.util.Map&lt;java.lang.String,com.urbanairship.actions.ActionValue&gt;, int, android.os.Bundle) 2">
    <annotation name="android.support.annotation.IntDef">
      <val name="value" val="{com.urbanairship.actions.Action.SITUATION_MANUAL_INVOCATION, com.urbanairship.actions.Action.SITUATION_PUSH_RECEIVED, com.urbanairship.actions.Action.SITUATION_PUSH_OPENED, com.urbanairship.actions.Action.SITUATION_WEB_VIEW_INVOCATION, com.urbanairship.actions.Action.SITUATION_FOREGROUND_NOTIFICATION_ACTION_BUTTON, com.urbanairship.actions.Action.SITUATION_BACKGROUND_NOTIFICATION_ACTION_BUTTON}" />
    </annotation>
  </item>
</root>

